contrast_id,study_family,model,volume_executions,baseline_provider_cost_usd,comparison_provider_cost_usd,cost_delta_usd,savings_usd,baseline_ai_credits,comparison_ai_credits,ai_credit_delta
stable-system-1-call,system_prompt,luna,1000,13.1,13.35,0.25,-0.25,1310.0,1335.0,25.0
stable-system-1-call,system_prompt,luna,1000000,13100.0,13350.0,250.0,-250.0,1310000.0,1335000.0,25000.0
stable-system-1-call,system_prompt,terra,1000,131.0,133.5,2.5,-2.5,13100.0,13350.0,250.0
stable-system-1-call,system_prompt,terra,1000000,131000.0,133500.0,2500.0,-2500.0,13100000.0,13350000.0,250000.0
stable-system-1-call,system_prompt,sol,1000,260.0,265.0,5.0,-5.0,26000.0,26500.0,500.0
stable-system-1-call,system_prompt,sol,1000000,260000.0,265000.0,5000.0,-5000.0,26000000.0,26500000.0,500000.0
stable-system-10-calls,system_prompt,luna,1000,27.5,27.93,0.43,-0.43,2750.0,2793.0,43.0
stable-system-10-calls,system_prompt,luna,1000000,27500.0,27930.0,430.0,-430.0,2750000.0,2793000.0,43000.0
stable-system-10-calls,system_prompt,terra,1000,275.0,279.3,4.3,-4.3,27500.0,27930.0,430.000000000001
stable-system-10-calls,system_prompt,terra,1000000,275000.0,279300.0,4300.0,-4300.0,27500000.0,27930000.0,430000.0
stable-system-10-calls,system_prompt,sol,1000,530.0,538.6,8.6,-8.6,53000.0,53860.0,860.000000000002
stable-system-10-calls,system_prompt,sol,1000000,530000.0,538600.0,8600.0,-8600.0,53000000.0,53860000.0,860000.0
stable-system-50-calls,system_prompt,luna,1000,91.5,92.73,1.23,-1.23,9150.0,9273.0,123.0
stable-system-50-calls,system_prompt,luna,1000000,91500.0,92730.0,1230.0,-1230.0,9150000.0,9273000.0,123000.0
stable-system-50-calls,system_prompt,terra,1000,915.0,927.3,12.3,-12.3,91500.0,92730.0,1229.999999999995
stable-system-50-calls,system_prompt,terra,1000000,915000.0,927300.0,12300.0,-12300.0,91500000.0,92730000.0,1230000.0
stable-system-50-calls,system_prompt,sol,1000,1730.0,1754.6,24.6,-24.6,173000.0,175460.0,2459.999999999991
stable-system-50-calls,system_prompt,sol,1000000,1730000.0,1754600.0,24600.0,-24600.0,173000000.0,175460000.0,2460000.0
dynamic-system-10-calls,system_prompt,luna,1000,33.78,35.78,2.0,-2.0,3378.0,3578.0,200.0
dynamic-system-10-calls,system_prompt,luna,1000000,33780.0,35780.0,2000.0,-2000.0,3378000.0,3578000.0,200000.0
dynamic-system-10-calls,system_prompt,terra,1000,337.8,357.8,20.0,-20.0,33780.0,35780.0,2000.0
dynamic-system-10-calls,system_prompt,terra,1000000,337800.0,357800.0,20000.0,-20000.0,33780000.0,35780000.0,2000000.0
dynamic-system-10-calls,system_prompt,sol,1000,655.6,695.6,40.0,-40.0,65560.0,69560.0,4000.0
dynamic-system-10-calls,system_prompt,sol,1000000,655600.0,695600.0,40000.0,-40000.0,65560000.0,69560000.0,4000000.0
system-threshold-cold,threshold_discontinuity,luna,1000,51.075,102.05,50.975,-50.975,5107.5,10205.0,5097.499999999999
system-threshold-cold,threshold_discontinuity,luna,1000000,51075.0,102050.0,50975.0,-50975.0,5107500.0,10205000.0,5097500.0
system-threshold-cold,threshold_discontinuity,terra,1000,690.75,1380.5,689.75,-689.75,69075.0,138050.0,68975.0
system-threshold-cold,threshold_discontinuity,terra,1000000,690750.0,1380500.0,689750.0,-689750.0,69075000.0,138050000.0,68975000.0
system-threshold-cold,threshold_discontinuity,sol,1000,1377.5,2755.0,1377.5,-1377.5,137750.0,275500.0,137750.0
system-threshold-cold,threshold_discontinuity,sol,1000000,1377500.0,2755000.0,1377500.0,-1377500.0,137750000.0,275500000.0,137750000.0
system-threshold-warm,threshold_discontinuity,luna,1000,5.19,9.82,4.63,-4.63,519.0,982.0,463.0
system-threshold-warm,threshold_discontinuity,luna,1000000,5190.0,9820.0,4630.0,-4630.0,519000.0,982000.0,463000.0
system-threshold-warm,threshold_discontinuity,terra,1000,66.3,127.0,60.7,-60.7,6630.0,12700.0,6070.0
system-threshold-warm,threshold_discontinuity,terra,1000000,66300.0,127000.0,60700.0,-60700.0,6630000.0,12700000.0,6070000.0
system-threshold-warm,threshold_discontinuity,sol,1000,128.6,248.0,119.4,-119.4,12860.0,24800.0,11940.0
system-threshold-warm,threshold_discontinuity,sol,1000000,128599.99999999999,248000.0,119400.00000000001,-119400.00000000001,12859999.999999998,24800000.0,11940000.000000002
sequential-tools-4-to-5,tool_invocations,luna,1000,19.932,21.745,1.813,-1.813,1993.2,2174.5,181.3
sequential-tools-4-to-5,tool_invocations,luna,1000000,19932.0,21745.0,1813.0,-1813.0,1993200.0,2174500.0,181300.0
sequential-tools-4-to-5,tool_invocations,terra,1000,199.32,217.45,18.13,-18.13,19932.0,21745.0,1813.0
sequential-tools-4-to-5,tool_invocations,terra,1000000,199320.0,217450.0,18130.0,-18130.0,19932000.0,21745000.0,1813000.0
sequential-tools-4-to-5,tool_invocations,sol,1000,395.04,430.9,35.86,-35.86,39504.0,43090.0,3585.999999999995
sequential-tools-4-to-5,tool_invocations,sol,1000000,395040.0,430900.0,35860.0,-35860.0,39504000.0,43090000.0,3586000.0
batched-tools-4-to-5,tool_invocations,luna,1000,16.68,17.325,0.645,-0.645,1668.0,1732.5,64.5
batched-tools-4-to-5,tool_invocations,luna,1000000,16680.0,17325.0,645.0,-645.0,1668000.0,1732500.0,64500.0
batched-tools-4-to-5,tool_invocations,terra,1000,166.8,173.25,6.45,-6.45,16680.0,17325.0,644.999999999999
batched-tools-4-to-5,tool_invocations,terra,1000000,166800.0,173250.0,6450.0,-6450.0,16680000.0,17325000.0,645000.0
batched-tools-4-to-5,tool_invocations,sol,1000,330.0,342.5,12.5,-12.5,33000.0,34250.0,1250.0
batched-tools-4-to-5,tool_invocations,sol,1000000,330000.0,342500.0,12500.0,-12500.0,33000000.0,34250000.0,1250000.0
tool-count-4-vs-5-sequential-800k,tool_invocations,luna,1000,534.324,567.89,33.566,-33.566,53432.399999999994,56789.0,3356.600000000003
tool-count-4-vs-5-sequential-800k,tool_invocations,luna,1000000,534324.0,567890.0,33566.0,-33566.0,53432400.0,56789000.0,3356600.0
tool-count-4-vs-5-sequential-800k,tool_invocations,terra,1000,5343.24,5678.9,335.66,-335.66,534324.0,567890.0,33565.999999999985
tool-count-4-vs-5-sequential-800k,tool_invocations,terra,1000000,5343240.0,5678900.0,335660.0,-335660.0,534324000.0,567890000.0,33566000.0
tool-count-4-vs-5-sequential-800k,tool_invocations,sol,1000,10681.08,11351.800000000001,670.720000000001,-670.720000000001,1068108.0,1135180.0,67072.00000000012
tool-count-4-vs-5-sequential-800k,tool_invocations,sol,1000000,10681080.0,11351800.0,670720.0,-670720.0,1068108000.0,1135180000.0,67072000.0
stable-tool-schema-10-calls,tool_schema,luna,1000,27.5,27.93,0.43,-0.43,2750.0,2793.0,43.0
stable-tool-schema-10-calls,tool_schema,luna,1000000,27500.0,27930.0,430.0,-430.0,2750000.0,2793000.0,43000.0
stable-tool-schema-10-calls,tool_schema,terra,1000,275.0,279.3,4.3,-4.3,27500.0,27930.0,430.000000000001
stable-tool-schema-10-calls,tool_schema,terra,1000000,275000.0,279300.0,4300.0,-4300.0,27500000.0,27930000.0,430000.0
stable-tool-schema-10-calls,tool_schema,sol,1000,530.0,538.6,8.6,-8.6,53000.0,53860.0,860.000000000002
stable-tool-schema-10-calls,tool_schema,sol,1000000,530000.0,538600.0,8600.0,-8600.0,53000000.0,53860000.0,860000.0
output-1k-one-call,output,luna,1000,13.1,14.3,1.2,-1.2,1310.0,1430.0,120.0
output-1k-one-call,output,luna,1000000,13100.0,14300.0,1200.0,-1200.0,1310000.0,1430000.0,120000.0
output-1k-one-call,output,terra,1000,131.0,143.0,12.0,-12.0,13100.0,14300.0,1200.0
output-1k-one-call,output,terra,1000000,131000.0,143000.0,12000.0,-12000.0,13100000.0,14300000.0,1200000.0
output-1k-one-call,output,sol,1000,260.0,280.0,20.0,-20.0,26000.0,28000.0,2000.0
output-1k-one-call,output,sol,1000000,260000.0,280000.0,20000.0,-20000.0,26000000.0,28000000.0,2000000.0
retain-tool-results-4-tools,tool_results,luna,1000,17.692,19.932,2.24,-2.24,1769.2,1993.2,224.0
retain-tool-results-4-tools,tool_results,luna,1000000,17692.0,19932.0,2240.0,-2240.0,1769200.0,1993200.0,224000.0
retain-tool-results-4-tools,tool_results,terra,1000,176.92,199.32,22.4,-22.4,17692.0,19932.0,2240.0
retain-tool-results-4-tools,tool_results,terra,1000000,176920.0,199320.0,22400.0,-22400.0,17692000.0,19932000.0,2240000.0
retain-tool-results-4-tools,tool_results,sol,1000,350.24,395.04,44.8,-44.8,35024.0,39504.0,4480.000000000001
retain-tool-results-4-tools,tool_results,sol,1000000,350240.0,395040.0,44800.0,-44800.0,35024000.0,39504000.0,4480000.0
tool-result-size-plus-1k,tool_results,luna,1000,19.932,21.052,1.12,-1.12,1993.2,2105.2,112.0
tool-result-size-plus-1k,tool_results,luna,1000000,19932.0,21052.0,1120.0,-1120.0,1993200.0,2105200.0,112000.0
tool-result-size-plus-1k,tool_results,terra,1000,199.32,210.52,11.2,-11.2,19932.0,21052.0,1120.000000000002
tool-result-size-plus-1k,tool_results,terra,1000000,199320.0,210520.0,11200.0,-11200.0,19932000.0,21052000.0,1120000.0
tool-result-size-plus-1k,tool_results,sol,1000,395.04,417.44,22.4,-22.4,39504.0,41744.0,2239.999999999998
tool-result-size-plus-1k,tool_results,sol,1000000,395040.0,417440.0,22400.0,-22400.0,39504000.0,41744000.0,2240000.0
tool-result-2k-vs-10k-sequential-4,tool_results,luna,1000,19.932,28.892,8.96,-8.96,1993.2,2889.2,896.0
tool-result-2k-vs-10k-sequential-4,tool_results,luna,1000000,19932.0,28892.0,8960.0,-8960.0,1993200.0,2889200.0,896000.0
tool-result-2k-vs-10k-sequential-4,tool_results,terra,1000,199.32,288.92,89.6,-89.6,19932.0,28892.0,8960.000000000002
tool-result-2k-vs-10k-sequential-4,tool_results,terra,1000000,199320.0,288920.0,89600.0,-89600.0,19932000.0,28892000.0,8960000.0
tool-result-2k-vs-10k-sequential-4,tool_results,sol,1000,395.04,574.24,179.2,-179.2,39504.0,57424.0,17920.0
tool-result-2k-vs-10k-sequential-4,tool_results,sol,1000000,395040.0,574240.0,179200.0,-179200.0,39504000.0,57424000.0,17920000.0
prefix-churn-10-calls,cache_policy,luna,1000,27.5,131.0,103.5,-103.5,2750.0,13100.0,10350.0
prefix-churn-10-calls,cache_policy,luna,1000000,27500.0,131000.0,103500.0,-103500.0,2750000.0,13100000.0,10350000.0
prefix-churn-10-calls,cache_policy,terra,1000,275.0,1310.0,1035.0,-1035.0,27500.0,131000.0,103500.0
prefix-churn-10-calls,cache_policy,terra,1000000,275000.0,1310000.0,1035000.0,-1035000.0,27500000.0,131000000.0,103500000.0
prefix-churn-10-calls,cache_policy,sol,1000,530.0,2600.0,2070.0,-2070.0,53000.0,260000.0,207000.0
prefix-churn-10-calls,cache_policy,sol,1000000,530000.0,2600000.0,2070000.0,-2070000.0,53000000.0,260000000.0,207000000.0
extra-roundtrip-10-to-11,roundtrips,luna,1000,27.5,29.1,1.6,-1.6,2750.0,2910.0,160.0
extra-roundtrip-10-to-11,roundtrips,luna,1000000,27500.0,29100.0,1600.0,-1600.0,2750000.0,2910000.0,160000.0
extra-roundtrip-10-to-11,roundtrips,terra,1000,275.0,291.0,16.0,-16.0,27500.0,29100.0,1600.0
extra-roundtrip-10-to-11,roundtrips,terra,1000000,275000.0,291000.0,16000.0,-16000.0,27500000.0,29100000.0,1600000.0
extra-roundtrip-10-to-11,roundtrips,sol,1000,530.0,560.0,30.0,-30.0,53000.0,56000.0,3000.0
extra-roundtrip-10-to-11,roundtrips,sol,1000000,530000.0,560000.0,30000.0,-30000.0,53000000.0,56000000.0,3000000.0
long-cap-200k-uncached,long_session,luna,1000,1020.4,595.2,-425.2,425.2,102040.0,59520.0,-42519.99999999999
long-cap-200k-uncached,long_session,luna,1000000,1020400.0,595200.0,-425200.0,425200.0,102040000.0,59520000.0,-42520000.0
long-cap-200k-uncached,long_session,terra,1000,9904.0,5952.0,-3952.0,3952.0,990400.0,595200.0,-395200.0
long-cap-200k-uncached,long_session,terra,1000000,9904000.0,5952000.0,-3952000.0,3952000.0,990400000.0,595200000.0,-395200000.0
long-cap-200k-uncached,long_session,sol,1000,19598.0,11428.0,-8170.0,8170.0,1959800.0,1142800.0,-817000.0
long-cap-200k-uncached,long_session,sol,1000000,19598000.0,11428000.0,-8170000.0,8170000.0,1959800000.0,1142800000.0,-817000000.0
long-cap-pricing-threshold-uncached,long_session,luna,1000,1020.4,595.2,-425.2,425.2,102040.0,59520.0,-42519.99999999999
long-cap-pricing-threshold-uncached,long_session,luna,1000000,1020400.0,595200.0,-425200.0,425200.0,102040000.0,59520000.0,-42520000.0
long-cap-pricing-threshold-uncached,long_session,terra,1000,9904.0,5842.0,-4062.0,4062.0,990400.0,584200.0,-406200.0
long-cap-pricing-threshold-uncached,long_session,terra,1000000,9904000.0,5842000.0,-4062000.0,4062000.0,990400000.0,584200000.0,-406200000.0
long-cap-pricing-threshold-uncached,long_session,sol,1000,19598.0,11288.0,-8310.0,8310.0,1959800.0,1128800.0,-831000.0
long-cap-pricing-threshold-uncached,long_session,sol,1000000,19598000.0,11288000.0,-8310000.0,8310000.0,1959800000.0,1128800000.0,-831000000.0
compaction-input-cache-read-sensitivity,compaction_sensitivity,luna,1000,595.2,451.2,-144.0,144.0,59520.0,45120.0,-14400.000000000005
compaction-input-cache-read-sensitivity,compaction_sensitivity,luna,1000000,595200.0,451200.0,-144000.0,144000.0,59520000.0,45120000.0,-14400000.0
compaction-input-cache-read-sensitivity,compaction_sensitivity,terra,1000,5952.0,4512.0,-1440.0,1440.0,595200.0,451200.0,-144000.0
compaction-input-cache-read-sensitivity,compaction_sensitivity,terra,1000000,5952000.0,4512000.0,-1440000.0,1440000.0,595200000.0,451200000.0,-144000000.0
compaction-input-cache-read-sensitivity,compaction_sensitivity,sol,1000,11428.0,8548.0,-2880.0,2880.0,1142800.0,854800.0,-288000.0
compaction-input-cache-read-sensitivity,compaction_sensitivity,sol,1000000,11428000.0,8548000.0,-2880000.0,2880000.0,1142800000.0,854800000.0,-288000000.0
compaction-input-cache-write-sensitivity,compaction_sensitivity,luna,1000,595.2,635.2,40.0,-40.0,59520.0,63520.0,4000.0
compaction-input-cache-write-sensitivity,compaction_sensitivity,luna,1000000,595200.0,635200.0,40000.0,-40000.0,59520000.0,63520000.0,4000000.0
compaction-input-cache-write-sensitivity,compaction_sensitivity,terra,1000,5952.0,6352.0,400.0,-400.0,595200.0,635200.0,40000.0
compaction-input-cache-write-sensitivity,compaction_sensitivity,terra,1000000,5952000.0,6352000.0,400000.0,-400000.0,595200000.0,635200000.0,40000000.0
compaction-input-cache-write-sensitivity,compaction_sensitivity,sol,1000,11428.0,12228.0,800.0,-800.0,1142800.0,1222800.0,80000.0
compaction-input-cache-write-sensitivity,compaction_sensitivity,sol,1000000,11428000.0,12228000.0,800000.0,-800000.0,1142800000.0,1222800000.0,80000000.0
compaction-retained-system-sensitivity,compaction_sensitivity,luna,1000,595.2,576.8,-18.4,18.4,59520.0,57679.99999999999,-1840.000000000009
compaction-retained-system-sensitivity,compaction_sensitivity,luna,1000000,595200.0,576800.0,-18400.0,18400.0,59520000.0,57680000.0,-1840000.0
compaction-retained-system-sensitivity,compaction_sensitivity,terra,1000,5952.0,5768.0,-184.0,184.0,595200.0,576800.0,-18400.0
compaction-retained-system-sensitivity,compaction_sensitivity,terra,1000000,5952000.0,5768000.0,-184000.0,184000.0,595200000.0,576800000.0,-18400000.0
compaction-retained-system-sensitivity,compaction_sensitivity,sol,1000,11428.0,11060.0,-368.0,368.0,1142800.0,1106000.0,-36800.0
compaction-retained-system-sensitivity,compaction_sensitivity,sol,1000000,11428000.0,11060000.0,-368000.0,368000.0,1142800000.0,1106000000.0,-36800000.0
